11.3,13.1,11.7,10.7,11.6,12.2,11.8,10.8,11.6,12.0,11.6,10.8,11.3,12.0,11.4,10.7,12.0,12.1,11.3,10.7,12.3,14.2,11.9,lime,lime,lime,lime,yellow,yellow,lime
12.0,13.6,11.9,10.7,11.9,13.4,11.8,10.7,11.9,12.8,11.8,10.7,11.9,12.5,11.7,10.7,12.0,12.1,11.3,10.7,12.3,14.2,11.9,lime,lime,lime,lime,yellow,yellow,lime
16.8,17.3,16.7,48.0,16.8,17.0,16.7,49.2,16.8,15.8,16.6,49.3,16.8,15.3,16.8,48.4,15.6,15.5,16.1,49.4,14.6,18.1,16.8,yellow,yellow,yellow,orange,yellow,yellow,yellow
157.0,86.0,162.0,49.0,158.0,96.0,163.0,45.0,158.0,123.0,164.0,45.0,157.0,134.0,163.0,48.0,140.0,173.0,172.0,45.0,145.0,61.0,149.0,red,purple,purple,orange,red,red,red
37.7,38.2,38.7,37.2,38.6,38.4,39.6,37.1,38.8,38.1,38.4,37.1,37.5,36.1,37.7,37.0,39.6,42.4,37.1,36.8,34.0,38.1,40.3,orange,orange,orange,orange,yellow,orange,orange
38.9,39.0,39.4,37.7,40.1,39.3,40.3,37.5,40.3,38.9,39.2,37.4,38.7,37.3,38.6,37.6,40.0,43.0,38.2,36.6,35.4,38.8,42.4,orange,orange,orange,orange,yellow,orange,orange
37.9,37.4,39.2,37.6,38.8,38.5,40.4,37.5,39.0,38.3,39.3,37.5,37.8,36.6,38.8,37.5,39.2,43.9,39.6,36.9,34.6,36.2,40.4,orange,orange,orange,orange,yellow,orange,orange
39.0,39.2,40.2,38.3,39.8,39.7,41.4,38.0,40.0,39.3,40.2,37.8,38.8,37.6,39.6,38.2,39.9,45.1,40.4,36.7,35.5,38.8,41.4,orange,orange,orange,orange,orange,orange,orange
39.3,39.9,40.1,38.6,40.3,39.7,40.9,38.5,40.5,39.2,40.0,38.5,39.1,37.7,39.5,38.4,39.2,43.5,40.0,38.1,35.8,40.1,42.3,orange,orange,orange,orange,orange,orange,orange
38.9,39.0,40.1,38.5,39.7,39.5,41.1,38.5,39.9,39.1,40.1,38.4,38.7,37.6,39.5,38.4,39.6,44.3,40.1,38.1,35.6,38.6,41.3,orange,orange,orange,orange,orange,orange,orange
38.3,38.6,39.9,38.2,38.8,39.2,41.1,38.2,38.8,39.0,39.8,38.2,38.1,37.2,39.1,38.1,40.2,44.9,39.0,37.8,35.2,38.0,39.6,orange,orange,orange,orange,yellow,orange,orange
37.6,37.5,39.0,37.2,38.3,38.5,40.3,36.8,38.4,38.3,39.2,36.6,37.5,36.8,38.6,37.0,39.6,43.9,39.4,35.4,34.9,36.5,39.4,orange,orange,orange,yellow,yellow,orange,orange
38.9,39.0,40.2,38.6,39.6,39.7,41.3,38.5,39.7,39.5,40.6,38.4,38.8,37.9,40.1,38.6,40.3,44.3,41.6,37.7,36.0,38.3,40.8,orange,orange,orange,orange,orange,orange,orange
39.6,40.3,40.6,38.9,40.3,40.3,41.4,38.6,40.4,39.9,41.0,38.5,39.4,38.4,40.7,38.8,40.0,43.8,42.7,37.6,36.4,40.3,41.6,orange,orange,orange,orange,orange,orange,orange
39.0,39.0,40.4,38.9,39.6,39.8,41.4,38.9,39.7,39.7,41.1,38.9,38.9,38.1,40.9,39.0,40.1,43.8,43.7,38.4,36.1,38.3,40.6,orange,orange,orange,orange,orange,orange,orange
38.6,38.1,39.8,38.7,39.1,39.4,40.8,39.0,39.3,39.5,40.7,39.0,38.6,37.9,40.5,38.8,40.8,42.7,43.2,39.0,35.9,37.0,40.0,orange,orange,orange,orange,orange,orange,orange
39.1,39.1,40.7,38.8,39.6,40.1,42.0,38.5,39.7,39.9,41.2,38.3,39.1,38.5,40.8,38.8,40.6,45.5,42.9,37.0,36.7,38.3,40.4,orange,orange,orange,orange,orange,orange,orange
39.7,39.8,40.7,39.7,40.4,40.4,41.4,40.2,40.6,40.2,41.2,40.3,39.6,38.8,41.0,39.8,40.8,43.0,42.9,40.8,37.1,39.3,41.7,orange,orange,orange,orange,orange,orange,orange
39.1,38.4,40.8,39.6,39.6,40.2,42.0,39.9,39.7,40.4,41.4,39.9,39.2,38.9,40.9,39.6,42.4,44.9,42.3,40.0,37.1,36.7,40.2,orange,orange,orange,orange,orange,orange,orange
39.2,39.1,40.7,39.1,39.8,40.1,41.9,39.0,39.9,40.0,41.1,38.9,39.2,38.8,40.6,39.0,40.6,45.2,42.0,38.2,37.3,38.1,40.7,orange,orange,orange,orange,orange,orange,orange
38.7,39.1,39.9,38.3,39.4,39.5,40.9,38.0,39.5,39.3,40.2,37.9,38.7,38.2,39.8,38.2,39.7,43.7,41.1,37.0,36.9,38.8,40.4,orange,orange,orange,orange,orange,orange,orange
39.0,38.7,40.2,38.6,39.6,39.9,41.2,38.5,39.7,40.0,40.3,38.4,39.0,38.8,39.8,38.5,41.9,44.0,40.0,37.7,37.6,37.7,40.6,orange,orange,orange,orange,orange,orange,orange
38.3,37.9,39.6,38.2,38.9,39.2,40.6,38.4,39.0,39.5,39.6,38.4,38.4,38.3,39.0,38.2,41.5,43.5,38.7,38.3,37.2,36.6,39.7,orange,orange,orange,orange,orange,orange,orange
39.7,40.2,40.9,39.3,40.3,40.6,41.9,39.2,40.4,40.4,41.2,39.1,39.7,39.4,40.7,39.3,41.0,44.4,41.9,38.4,38.2,39.8,41.3,orange,orange,orange,orange,orange,orange,orange
38.9,38.8,40.1,38.6,39.5,39.7,41.0,38.7,39.6,39.8,40.3,38.6,38.9,38.8,39.9,38.6,40.9,43.6,40.6,38.2,37.8,38.0,40.4,orange,orange,orange,orange,orange,orange,orange
38.4,37.5,40.1,38.3,39.0,39.4,41.5,38.0,39.2,39.6,40.3,37.9,38.6,38.8,39.7,38.2,40.9,45.6,40.1,36.9,38.0,35.6,39.8,orange,orange,orange,orange,orange,orange,orange
40.0,40.4,41.3,39.0,40.8,40.7,42.6,38.4,40.9,40.5,40.8,38.1,40.0,39.9,40.0,38.7,40.2,47.1,39.2,36.5,39.4,40.0,42.1,orange,orange,orange,orange,orange,orange,orange
39.0,38.3,40.5,38.8,39.7,39.9,41.8,38.6,39.9,40.1,40.5,38.5,39.2,39.4,39.8,38.7,41.2,45.6,39.5,37.8,38.8,36.8,40.7,orange,orange,orange,orange,orange,orange,orange
39.0,38.8,40.5,38.8,39.6,39.6,41.7,38.8,39.8,39.5,40.4,38.8,39.0,39.1,39.8,38.7,38.8,45.6,40.1,38.4,38.6,37.9,40.7,orange,orange,orange,orange,orange,orange,orange
38.9,38.5,40.3,38.4,39.4,39.9,41.5,37.9,39.5,40.2,40.4,37.7,39.0,39.4,39.9,38.3,41.7,44.9,40.3,36.3,38.8,37.2,40.0,orange,orange,orange,orange,orange,orange,orange
38.9,38.1,40.3,38.8,39.4,39.9,41.5,38.9,39.6,40.2,40.4,38.8,39.1,39.5,39.9,38.8,42.0,44.7,39.8,38.4,39.0,36.4,40.1,orange,orange,orange,orange,orange,orange,orange
38.9,39.4,39.8,38.4,39.5,39.7,40.5,38.5,39.6,39.7,39.8,38.4,39.0,39.1,39.4,38.4,40.5,42.4,39.5,38.1,38.7,39.2,40.4,orange,orange,orange,orange,orange,orange,orange
39.8,39.3,40.5,39.1,40.7,40.4,41.4,39.0,40.9,40.6,40.9,38.9,40.0,40.3,40.6,39.1,41.2,43.6,41.6,38.1,40.0,38.3,42.1,orange,orange,orange,orange,orange,orange,orange
39.4,39.4,40.4,38.9,40.1,40.2,41.2,38.9,40.3,40.3,40.3,38.8,39.6,39.9,39.8,38.8,41.1,43.7,39.4,38.4,39.7,38.8,41.2,orange,orange,orange,orange,orange,orange,orange
39.5,39.4,40.4,38.9,40.1,40.2,41.2,38.9,40.3,40.3,40.3,38.8,39.6,39.9,39.8,38.9,41.1,43.7,39.4,38.4,39.7,38.8,41.2,orange,orange,orange,orange,orange,orange,orange
39.8,40.1,40.3,39.0,40.6,40.3,41.0,38.8,40.8,40.2,40.6,38.7,39.9,40.0,40.3,38.9,39.8,42.8,41.2,38.0,39.9,40.1,42.0,orange,orange,orange,orange,orange,orange,orange
39.7,40.1,40.6,39.0,40.2,40.5,41.5,38.7,40.4,40.5,40.9,38.6,39.8,40.2,40.5,39.0,40.9,43.9,41.2,37.4,40.0,39.7,41.0,orange,orange,orange,orange,orange,orange,orange
38.0,37.5,39.7,38.4,38.2,39.1,40.8,38.6,38.2,39.4,40.1,38.6,38.2,38.9,39.7,38.5,40.5,43.7,40.8,38.4,38.6,36.0,38.1,orange,orange,orange,orange,orange,orange,orange
39.1,38.2,40.2,38.9,39.8,39.8,41.2,38.8,40.0,40.2,40.7,38.8,39.5,40.1,40.4,38.9,40.7,43.5,41.7,38.2,40.1,36.6,40.8,orange,orange,orange,orange,orange,orange,orange
39.7,39.7,40.8,39.7,40.4,40.3,41.7,40.1,40.6,40.3,40.5,40.2,39.9,40.4,39.9,39.6,39.9,44.6,38.8,40.8,40.6,39.1,41.4,orange,orange,orange,orange,orange,orange,orange
39.6,39.4,40.6,39.6,40.3,40.3,41.4,40.1,40.5,40.5,40.2,40.1,39.8,40.5,39.6,39.5,41.1,44.0,37.9,40.9,40.8,38.6,41.3,orange,orange,orange,orange,orange,orange,orange
39.4,39.1,40.1,38.6,40.1,40.1,41.0,38.3,40.3,40.3,40.2,38.2,39.6,40.4,39.7,38.5,40.9,43.5,39.4,37.2,40.8,38.3,41.2,orange,orange,orange,orange,orange,orange,orange
39.4,39.4,40.5,38.9,40.0,40.2,41.5,38.7,40.1,40.3,40.4,38.6,39.6,40.5,40.0,38.8,40.3,44.5,39.7,37.8,40.8,38.7,40.8,orange,orange,orange,orange,orange,orange,orange
39.5,39.5,40.5,38.8,40.2,40.2,41.4,38.5,40.3,40.4,40.4,38.4,39.8,40.6,39.9,38.7,40.4,44.3,39.5,37.4,41.2,38.8,41.1,orange,orange,orange,orange,orange,orange,orange
38.2,37.9,39.3,38.0,38.8,39.0,40.3,38.0,38.9,39.2,39.3,38.0,38.5,39.5,38.8,37.9,39.3,43.1,38.4,37.6,40.1,36.9,39.4,orange,orange,orange,orange,orange,orange,orange
39.3,38.8,40.1,39.0,40.1,40.0,40.9,39.2,40.3,40.5,39.9,39.2,39.7,40.8,39.5,39.0,41.4,43.1,38.1,39.4,41.5,37.6,41.1,orange,orange,orange,orange,orange,orange,orange
39.5,39.5,40.3,38.9,40.1,40.4,41.1,38.7,40.3,40.7,40.4,38.6,39.8,40.9,40.1,38.9,41.4,43.1,39.9,37.9,41.5,38.8,40.9,orange,orange,orange,orange,orange,orange,orange
40.1,40.2,41.3,40.0,40.5,41.2,42.1,40.1,40.5,41.5,41.0,40.1,40.4,41.6,40.5,39.9,43.0,44.6,39.1,40.0,42.1,39.4,40.7,orange,orange,orange,orange,orange,orange,orange
40.2,40.3,41.0,39.5,40.9,40.8,41.8,39.4,41.1,40.9,40.7,39.4,40.5,41.6,40.2,39.4,40.4,44.5,39.1,38.9,42.5,39.8,42.0,orange,orange,orange,orange,orange,orange,orange
39.5,39.8,40.3,39.1,40.0,40.2,41.1,39.3,40.2,40.4,40.0,39.3,39.7,40.9,39.5,39.1,40.3,43.4,38.0,39.5,41.8,39.4,40.7,orange,orange,orange,orange,orange,orange,orange
39.7,40.3,40.2,38.7,40.4,40.5,40.8,38.4,40.5,40.7,39.6,38.3,40.0,41.2,39.0,38.5,41.5,42.9,36.8,37.6,42.4,40.3,41.3,orange,orange,orange,orange,orange,orange,orange
40.4,40.8,40.6,39.0,41.2,41.2,41.0,38.5,41.4,41.6,40.2,38.3,40.7,42.1,39.8,38.8,43.2,42.5,38.0,37.0,43.2,40.7,42.2,orange,orange,orange,orange,orange,orange,orange
40.0,40.2,40.7,39.2,40.6,40.8,41.5,39.1,40.8,41.0,40.4,39.0,40.3,41.7,40.0,39.1,41.2,43.8,38.7,38.3,42.9,39.7,41.4,orange,orange,orange,orange,orange,orange,orange
39.3,39.9,40.2,38.6,39.6,40.5,40.9,38.4,39.6,40.8,39.8,38.2,39.6,41.2,39.3,38.5,42.3,43.0,37.6,37.4,42.2,39.7,39.6,orange,orange,orange,orange,orange,orange,orange
39.9,40.5,40.8,38.8,40.4,41.0,41.6,38.1,40.5,41.2,40.5,37.9,40.2,41.9,39.9,38.6,41.8,44.4,38.6,36.2,43.1,40.3,40.7,orange,orange,orange,orange,orange,orange,orange
40.0,40.1,41.0,39.3,40.6,40.9,41.9,39.0,40.7,41.3,40.3,38.9,40.4,42.1,39.6,39.1,42.0,45.2,36.9,38.1,43.6,39.3,41.1,orange,orange,orange,orange,orange,orange,orange
39.7,39.4,40.8,39.1,40.3,40.6,41.8,38.9,40.4,41.1,40.2,38.8,40.2,42.0,39.5,39.0,41.8,45.3,36.8,38.1,43.6,38.2,40.8,orange,orange,orange,orange,orange,orange,orange
40.0,40.0,41.1,39.3,40.4,40.9,42.1,38.9,40.5,41.3,40.5,38.7,40.4,42.2,39.9,39.1,41.8,45.6,37.7,37.6,43.8,39.2,40.8,orange,orange,orange,orange,orange,orange,orange
39.8,39.4,40.4,38.7,40.5,40.4,41.3,38.2,40.7,40.9,40.1,38.0,40.2,42.1,39.6,38.5,40.8,44.1,38.1,36.7,43.9,38.5,41.4,orange,orange,orange,orange,orange,orange,orange
39.2,38.6,40.1,38.5,39.6,40.1,41.1,38.1,39.8,40.8,39.9,38.0,39.7,41.8,39.3,38.4,41.9,44.1,37.6,36.9,43.4,37.2,39.9,orange,orange,orange,orange,orange,orange,orange
40.4,40.4,40.9,39.5,41.0,41.1,41.5,39.2,41.3,41.5,41.0,39.1,40.9,42.7,40.7,39.5,41.3,43.2,40.5,38.2,44.3,39.8,41.8,orange,orange,orange,orange,orange,orange,orange
39.4,39.0,40.5,38.9,39.8,40.2,41.6,38.7,39.9,40.6,40.5,38.6,39.8,41.9,40.0,38.9,39.8,44.8,39.5,37.6,43.6,37.8,40.0,orange,orange,orange,orange,orange,orange,orange
39.8,39.6,40.7,39.1,40.4,40.6,41.6,38.7,40.6,41.0,40.7,38.6,40.3,42.4,40.4,39.0,40.1,44.4,40.1,37.4,44.2,38.8,40.9,orange,orange,orange,orange,orange,orange,orange
39.2,38.7,40.1,38.5,39.7,39.9,41.0,38.2,39.9,40.4,40.0,38.1,39.7,41.9,39.5,38.4,39.7,43.8,38.7,37.1,43.9,37.6,40.3,orange,orange,orange,orange,orange,orange,orange
39.7,39.9,40.2,38.7,40.4,40.2,40.9,38.4,40.6,40.4,39.9,38.3,40.2,42.2,39.5,38.6,38.4,43.3,38.5,37.4,44.2,39.6,41.2,orange,orange,orange,orange,orange,orange,orange
39.4,39.0,40.2,38.9,39.8,40.1,41.1,38.9,40.0,40.7,40.1,38.9,39.9,42.2,39.7,38.9,40.0,43.6,38.4,38.5,44.1,38.1,40.1,orange,orange,orange,orange,orange,orange,orange
39.7,39.3,40.5,39.3,40.1,40.6,41.3,39.3,40.2,41.3,40.5,39.3,40.3,42.7,40.1,39.3,41.5,43.4,38.9,39.0,44.6,38.2,40.2,orange,orange,orange,orange,orange,orange,orange
39.9,39.9,40.2,38.7,40.6,40.5,40.8,38.3,40.8,41.0,40.1,38.2,40.5,42.8,39.8,38.6,40.0,42.5,38.9,36.9,44.9,39.5,41.4,orange,orange,orange,orange,orange,orange,orange
39.3,39.3,40.2,38.7,39.6,40.1,41.0,38.6,39.7,40.6,39.9,38.5,39.8,42.3,39.4,38.6,39.9,43.6,37.9,37.8,44.4,38.7,39.6,orange,orange,orange,orange,orange,orange,orange
39.8,38.9,40.7,39.1,40.3,40.7,41.7,38.7,40.5,41.5,40.7,38.6,40.6,43.3,40.3,39.1,41.7,44.3,39.1,37.4,45.4,37.3,40.5,orange,orange,orange,orange,orange,orange,orange
39.3,38.2,40.3,38.7,39.8,40.1,41.4,38.4,40.0,40.9,40.1,38.2,40.1,42.9,39.6,38.6,40.6,44.6,38.0,37.2,45.2,36.4,40.1,orange,orange,orange,orange,orange,orange,orange
39.5,39.5,40.0,38.7,40.0,40.2,40.7,38.5,40.2,40.8,39.9,38.4,40.2,42.8,39.5,38.6,39.7,42.5,38.3,37.6,45.1,39.0,40.5,orange,orange,orange,orange,orange,orange,orange
41.1,41.7,41.7,39.8,41.6,41.7,42.4,39.3,41.8,41.9,41.1,39.1,41.6,44.1,40.5,39.6,39.7,45.4,38.5,37.7,46.6,41.8,42.2,orange,orange,orange,orange,orange,orange,orange
40.0,40.0,40.6,39.0,40.6,40.5,41.4,38.6,40.8,41.0,40.0,38.5,40.6,43.3,39.5,38.8,39.0,44.4,37.1,37.5,46.0,39.6,41.2,orange,orange,orange,orange,orange,orange,orange
40.5,40.1,40.8,39.6,41.1,41.0,41.5,39.6,41.4,41.7,40.6,39.5,41.2,43.9,40.3,39.6,40.6,43.3,38.6,39.1,46.5,39.3,41.8,orange,orange,orange,orange,orange,orange,orange
39.7,38.8,40.4,38.9,40.2,40.3,41.3,38.7,40.4,41.1,40.3,38.6,40.4,43.4,39.9,38.9,40.0,43.8,38.7,37.8,46.1,37.4,40.6,orange,orange,orange,orange,orange,orange,orange
39.7,39.6,40.2,38.5,40.2,40.5,40.9,37.9,40.4,41.2,39.9,37.7,40.4,43.5,39.6,38.4,40.6,43.1,37.9,36.0,46.2,39.0,40.4,orange,orange,orange,orange,orange,orange,orange
39.9,40.2,40.8,38.6,40.4,40.7,41.8,37.7,40.5,41.2,40.0,37.4,40.6,43.7,39.4,38.3,39.3,45.5,36.9,35.3,46.6,39.9,40.6,orange,orange,orange,yellow,orange,orange,orange
41.0,41.3,41.3,39.6,41.6,41.7,41.9,39.2,41.9,42.2,40.7,39.0,41.7,44.7,40.2,39.5,40.9,44.0,37.6,37.8,47.6,41.2,42.3,orange,orange,orange,orange,orange,orange,orange
39.7,39.5,40.3,38.9,40.1,40.2,41.1,38.8,40.4,40.8,39.9,38.7,40.4,43.5,39.5,38.8,38.7,43.7,37.4,38.1,46.5,38.8,40.5,orange,orange,orange,orange,orange,orange,orange
39.8,39.1,40.5,39.0,40.3,40.4,41.5,38.7,40.6,41.2,40.2,38.6,40.6,43.9,39.8,38.9,39.4,44.4,37.9,37.7,47.0,37.8,40.6,orange,orange,orange,orange,orange,orange,orange
40.3,40.2,41.2,39.5,40.6,41.0,42.1,39.2,40.8,41.7,40.5,39.0,41.0,44.3,39.9,39.3,40.0,45.3,37.3,38.0,47.4,39.5,40.6,orange,orange,orange,orange,orange,orange,orange
40.3,40.4,40.6,39.0,40.8,41.0,41.2,38.7,41.0,41.7,39.9,38.5,41.0,44.4,39.4,38.9,40.7,43.4,36.1,37.4,47.6,40.1,41.1,orange,orange,orange,orange,orange,orange,orange
39.6,39.3,40.2,38.8,40.1,40.1,40.9,38.7,40.3,40.8,39.6,38.6,40.4,43.8,39.1,38.7,38.7,43.6,36.3,38.2,47.1,38.6,40.4,orange,orange,orange,orange,orange,orange,orange
40.7,39.8,41.5,39.7,41.3,41.4,42.5,39.3,41.6,42.3,40.9,39.1,41.6,45.2,40.3,39.6,41.0,45.9,37.4,37.8,48.7,38.2,41.7,orange,orange,orange,orange,orange,orange,orange
41.4,42.0,41.4,39.5,42.2,41.7,41.9,38.8,42.5,42.0,40.4,38.5,42.1,45.3,39.9,39.2,38.7,44.5,36.6,36.9,49.0,42.5,43.3,orange,orange,orange,orange,orange,orange,orange
40.7,40.3,41.1,39.7,41.2,41.4,41.7,39.5,41.4,42.3,40.3,39.4,41.5,45.2,39.7,39.5,41.7,44.1,35.8,38.7,48.7,39.5,41.5,orange,orange,orange,orange,orange,orange,orange
40.8,40.4,41.1,39.6,41.4,41.6,41.7,39.3,41.6,42.5,40.4,39.2,41.7,45.4,40.0,39.5,42.2,43.8,36.4,38.2,49.0,39.5,41.7,orange,orange,orange,orange,orange,orange,orange
40.9,41.2,41.1,38.9,41.5,41.5,41.8,37.9,41.7,42.1,40.3,37.6,41.7,45.4,39.7,38.7,40.2,44.6,36.5,35.2,49.1,41.1,42.0,orange,orange,orange,yellow,orange,orange,orange
41.7,41.6,41.9,40.2,42.2,42.5,42.5,39.6,42.4,43.5,41.6,39.4,42.6,46.4,41.3,40.2,42.8,44.2,39.0,37.7,49.9,41.0,42.4,orange,orange,orange,orange,orange,orange,orange
41.4,41.7,41.6,39.8,42.0,42.0,42.1,39.2,42.3,42.6,41.1,39.0,42.2,45.9,40.7,39.7,40.2,44.1,38.5,37.4,49.6,41.7,42.5,orange,orange,orange,orange,orange,orange,orange
41.0,41.6,41.2,39.6,41.6,41.4,41.8,39.1,41.9,41.8,40.3,38.9,41.8,45.4,39.9,39.4,38.0,44.5,36.7,37.8,49.4,41.9,42.3,orange,orange,orange,orange,orange,orange,orange
40.9,41.3,40.9,39.6,41.6,41.4,41.3,39.5,41.8,42.0,39.8,39.4,41.7,45.5,39.2,39.4,39.7,43.4,34.6,39.0,49.6,41.5,42.2,orange,orange,yellow,orange,orange,orange,orange
41.1,41.8,41.1,39.2,41.7,41.8,41.5,38.3,41.9,42.5,40.1,38.1,41.9,45.9,39.6,38.9,40.8,43.6,35.6,36.0,50.0,42.2,42.1,orange,orange,orange,orange,orange,orange,orange
40.6,40.6,40.8,39.2,40.9,41.5,41.3,38.6,41.1,42.5,40.3,38.5,41.6,45.7,39.9,39.1,41.6,42.9,36.5,36.9,49.4,40.1,40.6,orange,orange,orange,orange,orange,orange,orange
41.2,40.5,41.5,39.6,41.7,41.9,42.4,38.8,42.0,43.0,40.4,38.6,42.2,46.6,39.7,39.3,41.8,45.7,34.2,36.8,50.7,39.4,41.9,orange,orange,yellow,orange,orange,orange,orange
40.5,39.6,41.0,39.3,40.9,41.3,41.9,38.7,41.1,42.5,40.4,38.6,41.6,46.1,39.9,39.2,41.4,44.9,35.8,37.0,50.0,38.1,40.7,orange,orange,orange,orange,orange,orange,orange
40.8,40.1,41.2,39.7,41.3,41.6,41.9,39.5,41.6,42.7,40.4,39.4,42.0,46.4,39.9,39.7,41.5,44.3,35.3,38.5,50.4,38.8,41.3,orange,orange,yellow,orange,orange,orange,orange
40.8,40.3,41.3,40.0,41.2,41.5,42.1,39.8,41.4,42.4,40.8,39.7,41.9,46.3,40.3,39.9,40.0,44.6,36.9,39.0,50.3,39.2,41.0,orange,orange,orange,orange,orange,orange,orange
40.8,39.9,41.7,40.0,40.9,41.7,42.6,39.7,41.1,42.9,41.1,39.5,41.9,46.6,40.6,40.0,41.6,45.9,36.9,38.3,50.5,38.2,40.2,orange,orange,orange,orange,orange,orange,orange
39.8,38.8,40.6,39.2,40.1,40.7,41.5,39.0,40.3,41.9,40.1,39.0,41.0,45.8,39.7,39.2,40.2,44.4,36.2,38.2,49.8,37.0,39.5,orange,orange,orange,orange,orange,orange,orange
41.0,40.7,41.3,39.6,41.4,41.7,42.0,39.1,41.6,42.7,40.4,38.9,42.1,46.7,39.8,39.5,40.8,44.8,35.0,37.5,51.0,39.9,41.2,orange,orange,yellow,orange,orange,orange,orange
40.9,40.1,40.8,39.5,41.5,41.4,41.3,39.2,41.8,42.5,40.0,39.1,42.1,46.7,39.6,39.4,40.5,43.2,35.1,38.1,51.2,39.1,41.8,orange,orange,yellow,orange,orange,orange,orange
41.4,41.4,41.6,40.1,41.7,42.2,42.1,39.7,42.0,43.3,40.7,39.5,42.5,47.2,40.2,40.0,41.8,44.1,35.2,38.4,51.5,41.0,41.4,orange,orange,yellow,orange,orange,orange,orange
42.1,42.5,42.0,40.4,42.7,42.7,42.3,40.0,43.0,43.6,41.0,39.8,43.2,47.8,40.6,40.3,41.1,43.9,35.8,38.6,52.3,42.5,42.9,orange,orange,orange,orange,orange,orange,orange
41.0,40.3,41.1,39.5,41.5,41.7,41.7,38.8,41.8,43.0,40.5,38.6,42.3,47.2,40.1,39.4,41.4,43.9,35.8,36.9,51.7,39.2,41.4,orange,orange,orange,orange,orange,orange,orange
40.8,40.6,40.8,39.2,41.3,41.5,41.3,38.5,41.6,42.7,40.0,38.3,42.0,47.0,39.6,39.1,40.8,43.1,35.0,36.7,51.6,39.9,41.2,orange,orange,yellow,orange,orange,orange,orange
41.1,41.2,41.4,39.8,41.4,41.9,41.9,39.5,41.7,42.9,40.1,39.3,42.2,47.2,39.5,39.6,40.7,44.5,33.7,38.3,51.9,40.8,41.1,orange,orange,yellow,orange,orange,orange,orange
41.4,41.0,41.6,40.1,41.7,42.3,42.1,39.7,41.9,43.6,40.6,39.5,42.6,47.7,40.2,40.0,42.6,44.0,34.9,38.3,52.3,40.1,41.2,orange,orange,yellow,orange,orange,orange,orange
41.5,41.3,41.4,39.6,41.9,42.3,41.9,38.8,42.2,43.5,40.5,38.6,42.7,47.9,40.0,39.5,42.0,43.9,34.9,36.5,52.6,40.8,41.7,orange,orange,yellow,orange,orange,orange,orange
40.3,38.7,41.0,39.5,40.6,41.2,41.9,39.2,40.9,42.8,40.4,39.0,41.8,47.2,39.9,39.5,41.3,44.9,35.4,37.9,52.0,36.4,40.0,orange,orange,yellow,orange,orange,orange,orange
41.0,40.1,41.1,39.6,41.4,41.6,41.7,39.2,41.7,43.0,40.2,39.1,42.3,47.6,39.7,39.5,40.9,44.1,34.5,37.9,52.6,38.9,41.3,orange,orange,yellow,orange,orange,orange,orange
41.0,39.7,41.2,39.8,41.6,41.5,41.9,39.4,41.9,43.0,40.5,39.3,42.4,47.8,40.1,39.7,40.3,44.4,35.7,38.2,52.9,37.9,41.6,orange,orange,orange,orange,orange,orange,orange
41.3,40.8,41.5,39.6,41.7,41.9,42.2,38.8,42.0,43.0,40.7,38.6,42.6,48.0,40.2,39.5,39.8,45.1,35.8,36.6,53.0,39.9,41.4,orange,orange,orange,orange,orange,orange,orange
40.4,39.1,40.8,39.8,40.7,41.0,41.5,39.9,41.0,42.5,40.3,39.9,41.8,47.3,40.0,39.9,39.8,43.5,36.1,39.8,52.3,37.3,40.1,orange,orange,orange,orange,orange,orange,orange
41.0,40.6,40.8,39.5,41.5,41.6,41.1,39.2,41.8,42.9,40.2,39.0,42.4,47.8,40.0,39.5,40.2,42.3,35.8,37.9,52.9,39.9,41.4,orange,orange,orange,orange,orange,orange,orange
41.3,40.1,41.3,40.1,41.6,42.0,41.8,39.8,41.9,43.6,40.8,39.7,42.7,48.4,40.5,40.1,42.0,43.2,36.2,38.8,53.5,38.5,41.2,orange,orange,orange,orange,orange,orange,orange
41.3,40.0,41.3,39.8,41.9,41.9,41.9,39.2,42.2,43.5,41.0,39.1,42.9,48.6,40.7,39.8,41.0,43.7,37.2,37.3,53.8,38.2,41.7,orange,orange,orange,orange,orange,orange,orange
41.8,41.4,41.6,40.4,42.1,42.6,41.9,40.0,42.3,44.1,40.9,39.9,43.1,48.9,40.7,40.3,42.9,42.8,35.7,38.8,54.0,40.5,41.4,orange,orange,orange,orange,orange,orange,orange
41.0,40.6,41.0,39.5,41.4,41.8,41.3,39.1,41.7,43.3,39.9,38.9,42.4,48.3,39.4,39.4,41.6,43.1,33.2,37.7,53.7,39.8,40.9,orange,orange,yellow,orange,orange,orange,orange
42.1,41.5,41.6,40.0,42.7,42.5,41.9,39.4,43.1,43.9,40.4,39.2,43.5,49.3,40.0,39.8,41.2,43.7,33.8,37.5,55.0,40.8,43.0,orange,orange,yellow,orange,orange,orange,orange
41.4,40.6,41.3,40.0,41.7,42.4,41.7,39.6,42.0,44.1,40.4,39.5,42.9,49.0,40.0,40.0,43.6,42.9,33.9,38.4,54.4,39.2,41.0,orange,orange,yellow,orange,orange,orange,orange
41.3,40.4,41.1,39.8,41.7,41.9,41.5,39.4,42.1,43.5,40.3,39.3,42.8,48.8,40.0,39.8,41.2,43.0,34.6,38.2,54.4,39.1,41.4,orange,orange,yellow,orange,orange,orange,orange
40.8,39.5,40.6,39.2,41.3,41.4,41.0,38.8,41.7,43.1,39.9,38.6,42.4,48.5,39.7,39.2,40.9,42.5,34.8,37.2,54.3,37.9,41.1,orange,orange,yellow,orange,orange,orange,orange
41.4,40.5,41.5,40.0,41.6,42.3,42.1,39.4,41.9,44.0,40.9,39.3,43.1,49.3,40.6,40.0,41.7,43.8,35.6,37.6,54.5,38.9,40.6,orange,orange,orange,orange,orange,orange,orange
42.2,41.6,42.2,40.5,42.6,42.8,42.8,39.9,42.9,44.2,41.0,39.7,43.8,50.0,40.5,40.4,40.5,45.4,34.0,38.0,55.5,40.6,42.0,orange,orange,yellow,orange,orange,orange,orange
42.2,41.7,42.5,40.7,42.4,43.0,43.2,39.9,42.7,44.5,41.4,39.7,43.8,50.1,40.9,40.5,41.0,46.0,34.9,37.7,55.6,40.6,41.4,orange,orange,yellow,orange,red,orange,orange
41.8,40.3,41.7,40.6,42.1,42.6,42.1,40.3,42.5,44.6,41.4,40.2,43.6,50.0,41.2,40.7,42.6,42.9,36.7,39.1,55.4,38.2,41.2,orange,orange,orange,orange,orange,orange,orange
42.1,40.7,42.1,40.8,42.3,43.0,42.6,40.3,42.6,44.9,41.6,40.1,43.8,50.4,41.3,40.8,43.0,44.1,36.0,38.7,55.8,38.7,41.2,orange,orange,orange,orange,red,orange,orange
41.6,40.4,41.8,40.2,41.8,42.4,42.4,39.6,42.0,44.2,41.1,39.4,43.3,49.9,40.8,40.2,41.2,44.4,35.8,37.6,55.4,38.6,40.6,orange,orange,orange,orange,orange,orange,orange
41.5,39.9,41.5,40.2,41.8,42.1,42.2,39.7,42.1,44.0,41.0,39.6,43.3,49.9,40.7,40.2,40.7,44.1,35.7,38.1,55.6,37.8,40.9,orange,orange,orange,orange,red,orange,orange
42.2,41.2,42.1,40.8,42.5,42.7,42.5,40.5,42.8,44.4,41.3,40.4,43.8,50.4,41.1,40.8,40.5,44.1,35.9,39.3,56.1,39.8,41.7,orange,orange,orange,orange,red,orange,orange
42.0,40.6,42.0,41.1,42.2,42.8,42.4,41.1,42.5,44.7,41.2,41.1,43.8,50.5,40.9,41.2,42.4,43.7,34.7,40.9,56.2,38.5,41.1,orange,orange,yellow,orange,red,orange,orange
41.8,40.8,41.7,40.6,42.0,42.6,42.1,40.4,42.3,44.4,40.6,40.4,43.5,50.3,40.2,40.6,41.9,43.5,33.1,39.8,56.2,39.3,40.9,orange,orange,yellow,orange,red,orange,orange
40.5,39.2,40.4,39.2,40.7,41.2,40.8,39.0,41.0,43.1,39.4,38.9,42.3,49.2,39.1,39.2,40.1,42.4,32.5,38.1,55.2,37.5,39.5,orange,orange,yellow,orange,orange,orange,orange
40.4,38.2,40.8,40.0,40.3,41.5,41.5,40.0,40.5,43.8,40.4,40.0,42.4,49.6,40.2,40.1,42.7,42.9,34.6,39.7,55.3,35.1,38.3,orange,orange,yellow,orange,orange,yellow,orange
41.4,40.3,41.3,40.1,41.6,42.2,41.6,39.8,41.9,44.2,40.5,39.7,43.3,50.3,40.2,40.1,41.7,42.6,34.0,38.7,56.3,38.6,40.4,orange,orange,yellow,orange,red,orange,orange
41.0,39.7,40.8,40.1,41.1,41.9,40.9,40.3,41.3,44.1,40.1,40.3,42.9,50.0,40.0,40.2,42.6,41.0,33.6,40.2,55.9,37.8,39.6,orange,orange,yellow,orange,red,orange,orange
41.7,41.0,41.5,40.7,41.9,42.5,41.5,40.8,42.1,44.3,40.6,40.8,43.5,50.5,40.5,40.8,41.4,41.8,34.2,40.7,56.5,39.8,40.6,orange,orange,yellow,orange,red,orange,orange
42.6,42.4,41.9,40.9,43.0,43.2,41.9,40.6,43.3,44.8,40.8,40.5,44.3,51.3,40.6,40.8,41.0,42.4,33.5,39.7,57.6,41.9,42.4,orange,orange,yellow,orange,red,orange,orange
41.3,40.0,41.0,40.4,41.7,41.7,41.2,40.7,42.1,43.6,40.0,40.8,43.2,50.3,39.8,40.5,39.2,42.0,33.3,41.2,56.7,38.4,41.0,orange,orange,yellow,orange,red,orange,orange
41.9,40.7,41.2,40.6,42.3,42.4,41.2,40.9,42.6,44.4,40.3,40.9,43.8,50.9,40.1,40.7,41.2,41.1,33.0,41.2,57.3,39.3,41.5,orange,orange,yellow,orange,red,orange,orange
42.2,40.8,41.6,40.4,42.7,42.8,41.8,40.1,43.0,44.9,40.3,39.9,44.2,51.6,40.0,40.4,42.3,42.8,31.6,38.9,58.2,39.2,42.0,orange,orange,yellow,orange,red,orange,orange
42.1,40.4,41.6,40.5,42.4,42.7,41.9,40.2,42.8,45.0,40.6,40.1,44.1,51.6,40.3,40.5,42.5,43.0,32.8,39.0,58.1,38.3,41.4,orange,orange,yellow,orange,red,orange,orange
42.1,40.9,41.2,40.2,42.5,42.7,41.3,39.8,42.9,44.8,40.2,39.7,44.0,51.5,40.0,40.2,42.0,41.5,32.6,38.5,58.2,39.5,41.8,orange,orange,yellow,orange,red,orange,orange
41.7,40.4,41.5,40.6,41.9,42.3,41.8,40.6,42.2,44.3,40.2,40.6,43.6,51.2,39.8,40.5,40.8,43.4,31.5,40.4,57.9,38.7,40.7,orange,orange,yellow,orange,red,orange,orange
42.7,42.2,42.1,40.7,43.1,43.0,42.3,40.1,43.5,44.6,40.8,40.0,44.5,51.9,40.5,40.6,38.9,43.8,33.5,38.6,58.7,41.7,42.6,orange,orange,yellow,orange,red,orange,orange
42.9,42.3,42.1,40.6,43.3,43.3,42.2,39.9,43.7,45.1,40.5,39.7,44.7,52.3,40.0,40.4,41.0,43.7,31.2,38.1,59.3,41.7,42.8,orange,orange,yellow,orange,red,orange,orange
41.5,40.7,41.4,40.3,41.6,42.1,41.6,40.2,41.9,44.0,40.1,40.2,43.4,51.1,39.8,40.3,39.6,43.1,32.4,39.8,57.9,39.5,40.2,orange,orange,yellow,orange,red,orange,orange
41.4,40.3,40.7,39.6,41.8,41.7,40.9,39.4,42.2,43.7,39.4,39.3,43.4,51.1,39.2,39.6,39.2,42.0,31.2,38.5,58.2,39.0,41.0,orange,orange,yellow,orange,red,orange,orange
42.0,41.1,41.6,40.6,42.2,42.5,41.9,40.5,42.5,44.4,40.5,40.5,43.9,51.7,40.2,40.6,39.8,43.0,32.9,39.9,58.6,39.9,41.0,orange,orange,yellow,orange,red,orange,orange
42.1,41.5,41.5,40.4,42.4,42.7,41.6,40.2,42.8,44.6,39.9,40.1,44.1,52.0,39.5,40.4,40.6,42.7,30.4,39.5,59.1,40.6,41.4,orange,orange,yellow,orange,red,orange,orange
42.1,41.1,41.7,40.5,42.4,42.7,41.9,40.3,42.8,44.7,40.1,40.2,44.2,52.2,39.7,40.5,40.6,43.4,30.7,39.6,59.4,39.7,41.4,orange,orange,yellow,orange,red,orange,orange
42.7,41.8,41.8,40.5,43.2,42.9,41.8,40.1,43.6,44.9,40.4,40.0,44.7,52.6,40.1,40.5,39.8,42.7,32.1,38.8,59.9,40.8,42.7,orange,orange,yellow,orange,red,orange,orange
42.9,42.2,42.3,41.2,43.2,43.3,42.4,40.9,43.6,45.3,40.8,40.8,45.0,53.1,40.5,41.1,39.3,43.5,30.3,40.1,59.9,41.4,42.1,orange,orange,yellow,orange,red,orange,orange
42.3,41.0,42.3,41.0,42.4,42.8,42.8,40.7,42.7,44.9,40.7,40.6,44.5,52.8,40.2,40.9,38.6,45.5,29.7,39.8,59.6,39.4,40.8,orange,orange,yellow,orange,red,orange,orange
43.8,42.9,43.2,42.0,44.1,44.0,43.4,41.8,44.5,45.9,41.4,41.7,45.9,54.0,41.0,41.9,38.9,45.4,29.9,41.2,61.0,41.9,43.3,orange,orange,yellow,orange,red,orange,orange
43.1,42.3,42.7,41.6,43.2,43.7,42.9,41.3,43.6,45.9,41.2,41.2,45.3,53.7,40.8,41.5,40.7,44.2,30.2,40.5,60.5,41.2,41.7,orange,orange,yellow,orange,red,orange,orange
43.1,41.7,42.9,41.7,43.2,43.5,43.5,41.4,43.6,45.6,41.4,41.3,45.3,53.7,40.9,41.6,38.9,46.1,30.4,40.6,60.7,40.1,41.8,orange,orange,yellow,orange,red,orange,orange
43.6,42.8,42.9,41.9,43.8,44.2,42.8,41.8,44.1,46.4,41.5,41.7,45.8,54.2,41.3,41.9,41.5,43.2,30.9,41.2,61.1,41.8,42.3,orange,orange,yellow,orange,red,orange,orange
44.4,43.6,43.9,42.7,44.4,45.0,43.9,42.0,44.7,47.2,44.5,41.9,46.6,54.8,45.1,43.0,40.4,42.9,44.6,39.7,61.2,42.4,42.6,orange,orange,orange,orange,red,orange,orange
44.3,43.2,44.0,42.6,44.2,44.9,44.3,41.6,44.5,47.0,44.6,41.4,46.5,54.8,45.0,42.8,39.5,44.5,44.4,38.9,61.3,41.7,42.2,orange,orange,orange,orange,red,orange,orange
43.8,42.9,43.3,42.1,43.8,44.3,43.3,41.3,44.1,46.5,43.9,41.1,46.1,54.4,44.5,42.4,38.9,42.7,43.9,38.9,60.9,41.6,42.0,orange,orange,orange,orange,red,orange,orange
44.0,43.0,43.6,42.6,43.9,44.5,43.7,42.2,44.2,46.6,44.2,42.1,46.2,54.6,44.8,43.0,38.6,43.1,44.2,40.5,61.1,41.7,42.0,orange,orange,orange,orange,red,orange,orange
44.5,43.3,43.8,42.6,44.7,44.9,43.9,41.8,45.0,47.2,44.6,41.7,46.9,55.3,45.2,43.0,39.5,43.2,44.7,39.3,62.0,41.8,43.1,orange,orange,orange,orange,red,orange,orange
44.7,43.3,44.1,43.0,44.8,45.3,44.3,42.3,45.1,47.7,44.9,42.2,47.1,55.7,45.5,43.4,40.6,43.5,45.0,39.9,62.3,41.6,42.9,orange,orange,orange,orange,red,orange,orange
44.1,42.4,43.7,42.8,44.0,44.7,43.8,42.4,44.3,47.1,44.5,42.3,46.5,55.2,45.1,43.2,40.3,42.9,44.5,40.8,61.8,40.3,41.9,orange,orange,orange,orange,red,orange,orange
44.3,43.0,43.5,42.2,44.5,44.7,43.6,41.1,44.8,47.1,44.2,40.9,46.7,55.4,44.9,42.4,39.3,42.8,44.4,38.1,62.3,41.6,42.8,orange,orange,orange,orange,red,orange,orange
44.6,43.0,44.0,42.7,44.6,45.1,44.2,41.8,45.0,47.5,44.8,41.6,47.0,55.8,45.3,43.0,39.9,43.7,44.8,39.0,62.7,41.2,42.8,orange,orange,orange,orange,red,orange,orange
44.2,42.6,43.9,43.0,44.1,44.7,44.0,42.6,44.4,47.2,44.6,42.6,46.6,55.5,45.2,43.4,39.5,43.4,44.6,41.0,62.3,40.7,41.9,orange,orange,orange,orange,red,orange,orange
43.6,42.1,43.2,42.2,43.6,44.0,43.4,41.5,43.9,46.4,43.9,41.5,46.1,55.0,44.5,42.5,37.9,43.0,43.9,39.6,61.9,40.3,41.6,orange,orange,orange,orange,red,orange,orange
43.6,42.0,43.1,42.2,43.5,44.2,43.2,41.6,43.8,46.7,43.9,41.6,46.1,55.1,44.5,42.6,39.2,42.4,43.9,39.7,62.1,40.1,41.3,orange,orange,orange,orange,red,orange,orange
43.8,42.1,43.4,42.5,43.7,44.3,43.7,42.0,44.0,46.8,44.2,41.9,46.3,55.4,44.8,42.8,38.7,43.3,44.1,40.1,62.4,40.0,41.5,orange,orange,orange,orange,red,orange,orange
44.1,42.3,43.8,42.6,43.9,44.7,44.1,41.9,44.2,47.3,44.6,41.7,46.6,55.8,45.1,43.0,39.9,44.0,44.4,39.4,62.9,40.1,41.4,orange,orange,orange,orange,red,orange,orange
44.3,42.2,44.0,42.9,44.1,44.9,44.4,42.3,44.4,47.5,44.9,42.2,46.9,56.1,45.4,43.3,39.9,44.4,44.7,40.1,63.2,39.8,41.7,orange,orange,orange,orange,red,orange,orange
44.9,42.8,44.3,42.7,45.0,45.3,44.7,41.5,45.4,48.0,45.1,41.2,47.5,56.8,45.7,43.0,39.9,44.7,45.2,38.0,64.2,40.4,43.1,orange,orange,orange,orange,red,orange,orange
44.7,42.4,44.5,43.6,44.6,45.2,44.8,43.2,45.0,47.9,45.3,43.2,47.4,56.7,45.9,44.0,39.9,44.5,45.3,41.7,63.9,39.8,42.3,orange,orange,orange,orange,red,orange,orange
44.3,42.9,44.0,43.0,44.1,44.9,44.1,42.6,44.4,47.4,44.7,42.5,46.8,56.2,45.3,43.4,39.2,43.4,44.5,40.8,63.4,41.1,41.5,orange,orange,orange,orange,red,orange,orange
44.1,42.3,43.8,42.6,44.0,44.7,44.0,41.9,44.3,47.3,44.6,41.8,46.8,56.2,45.1,43.0,39.0,43.8,44.4,39.6,63.6,40.2,41.6,orange,orange,orange,orange,red,orange,orange
44.6,42.4,44.8,43.9,44.2,45.4,45.3,43.6,44.4,48.1,45.6,43.6,47.2,56.8,46.1,44.3,40.6,45.5,45.1,42.2,64.1,39.6,41.1,orange,orange,orange,orange,red,orange,orange
44.6,42.1,44.4,43.6,44.5,45.1,44.8,43.2,44.9,47.9,45.3,43.2,47.3,57.0,45.9,44.0,39.4,44.7,45.2,41.7,64.4,39.3,42.1,orange,orange,orange,orange,red,orange,orange
44.8,43.2,44.4,43.7,44.6,45.3,44.5,43.4,44.9,47.9,45.2,43.4,47.4,57.0,45.9,44.1,39.4,43.5,45.1,42.1,64.4,41.2,42.1,orange,orange,orange,orange,red,orange,orange
44.3,42.8,43.6,43.0,44.2,44.7,43.4,42.7,44.5,47.4,44.4,42.7,46.9,56.5,45.2,43.4,38.8,41.8,44.5,41.4,64.0,41.0,41.9,orange,orange,orange,orange,red,orange,orange
44.6,42.6,44.2,43.0,44.5,45.0,44.5,42.3,44.9,47.7,45.0,42.1,47.3,57.1,45.6,43.4,38.5,44.5,44.9,39.8,64.8,40.2,42.2,orange,orange,orange,orange,red,orange,orange
45.2,43.0,44.9,43.4,45.0,45.8,45.4,42.1,45.3,48.6,45.6,41.9,48.0,57.7,46.1,43.7,39.8,45.8,45.0,38.1,65.3,40.2,42.1,orange,orange,orange,orange,red,orange,orange
44.6,42.6,44.3,43.4,44.2,45.3,44.5,42.7,44.5,48.2,45.1,42.6,47.4,57.2,45.7,43.8,40.2,43.8,44.5,40.3,64.6,39.9,40.9,orange,orange,orange,orange,red,orange,orange
44.2,41.5,44.2,43.2,43.8,44.8,44.7,42.6,44.2,47.7,44.9,42.5,47.1,57.0,45.4,43.6,39.0,44.9,44.4,40.2,64.6,38.0,40.6,orange,orange,orange,orange,red,orange,orange
45.2,43.1,44.6,43.8,44.9,45.8,44.7,43.2,45.2,48.6,45.4,43.1,48.0,57.8,46.1,44.2,40.3,43.5,45.1,40.9,65.4,40.5,41.8,orange,orange,orange,orange,red,orange,orange
45.2,42.5,45.2,44.3,44.8,45.8,45.7,43.8,45.1,48.8,46.0,43.7,48.1,58.1,46.5,44.7,39.9,45.9,45.4,41.7,65.7,38.9,41.5,orange,orange,orange,orange,red,orange,orange
45.9,43.8,45.5,44.3,45.6,46.3,45.8,43.4,46.0,49.0,46.2,43.3,48.7,58.6,46.7,44.7,39.1,45.7,45.7,40.5,66.4,41.2,42.8,orange,orange,orange,orange,red,orange,orange
45.3,43.0,44.9,44.1,45.2,45.6,45.2,43.6,45.6,48.3,45.7,43.6,48.2,58.1,46.2,44.5,37.5,45.0,45.4,41.6,66.0,40.1,42.5,orange,orange,orange,orange,red,orange,orange
45.3,42.6,45.0,44.4,45.0,45.7,45.4,44.1,45.3,48.6,45.9,44.1,48.2,58.3,46.4,44.9,38.7,45.1,45.5,42.6,66.1,39.3,41.9,orange,orange,orange,orange,red,orange,orange
45.3,42.9,45.2,44.1,44.9,45.9,45.6,43.4,45.2,48.9,45.9,43.3,48.2,58.4,46.4,44.5,39.7,45.6,45.2,40.7,66.3,39.8,41.5,orange,orange,orange,orange,red,orange,orange
45.5,44.0,45.1,44.0,45.1,46.0,45.3,43.2,45.4,48.7,45.7,43.1,48.3,58.4,46.3,44.4,38.5,45.0,45.1,40.4,66.3,41.9,41.9,orange,orange,orange,orange,red,orange,orange
44.2,41.8,43.5,42.6,44.1,44.6,43.5,41.9,44.5,47.6,44.3,41.8,47.2,57.6,45.1,43.1,38.0,42.3,44.1,39.2,65.7,38.9,41.3,orange,orange,orange,orange,red,orange,orange
44.8,41.9,44.5,43.3,44.4,45.5,44.9,42.2,44.8,48.7,45.4,42.1,47.9,58.4,45.9,43.7,40.4,44.7,44.8,38.8,66.5,38.3,41.0,orange,orange,orange,orange,red,orange,orange
45.4,43.0,45.3,44.3,45.0,46.1,45.6,43.7,45.3,49.1,46.0,43.6,48.4,58.9,46.6,44.8,39.7,45.5,45.4,41.3,66.9,39.8,41.5,orange,orange,orange,orange,red,orange,orange
45.5,43.2,45.1,44.1,45.1,46.0,45.4,43.2,45.5,49.0,45.9,43.1,48.5,59.0,46.5,44.5,39.2,45.1,45.3,40.3,67.1,40.2,41.8,orange,orange,orange,orange,red,orange,orange
45.2,42.6,44.7,43.6,44.9,45.7,45.0,42.7,45.2,48.7,45.5,42.6,48.2,58.8,46.1,44.1,38.9,44.7,45.0,39.6,67.1,39.5,41.6,orange,orange,orange,orange,red,orange,orange
45.3,42.9,45.0,44.2,44.8,45.8,45.3,43.8,45.1,48.8,45.8,43.7,48.3,58.9,46.4,44.7,38.7,44.9,45.2,41.8,67.1,39.9,41.3,orange,orange,orange,orange,red,orange,orange
45.2,42.8,45.1,44.4,44.7,45.9,45.4,44.0,45.0,48.9,45.9,44.0,48.3,59.0,46.5,44.9,39.3,45.0,45.2,42.4,67.2,39.5,40.9,orange,orange,orange,orange,red,orange,orange
45.7,43.2,45.5,44.3,45.2,46.2,46.0,43.4,45.6,49.2,46.2,43.2,48.7,59.5,46.7,44.7,38.8,46.4,45.5,40.3,67.9,40.0,41.7,orange,orange,orange,orange,red,orange,orange
45.8,44.0,45.2,44.0,45.6,46.1,45.3,43.0,46.0,48.8,45.8,42.8,48.8,59.4,46.4,44.4,37.0,45.0,45.4,39.7,68.0,41.9,42.6,orange,orange,orange,orange,red,orange,orange
46.4,44.8,45.5,44.7,46.0,47.0,45.4,43.9,46.4,50.0,46.3,43.8,49.4,60.1,47.1,45.1,40.4,43.6,45.9,41.1,68.5,42.7,42.6,orange,orange,orange,orange,red,orange,orange
45.3,42.8,44.4,43.6,45.1,45.7,44.4,42.7,45.6,48.9,45.3,42.6,48.5,59.4,46.1,44.0,38.8,42.8,45.1,39.8,68.0,39.9,42.1,orange,orange,orange,orange,red,orange,orange
45.5,42.7,45.0,43.9,45.2,46.1,45.4,42.8,45.6,49.4,45.9,42.6,48.7,59.9,46.6,44.3,39.9,44.9,45.4,39.2,68.5,39.2,41.7,orange,orange,orange,orange,red,orange,orange
46.3,44.4,45.2,43.8,46.1,46.8,45.1,42.4,46.6,49.9,46.0,42.1,49.4,60.5,46.8,44.2,40.0,43.6,45.7,37.9,69.2,42.1,43.2,orange,orange,orange,orange,red,orange,orange
45.3,42.3,44.8,43.8,44.9,45.8,45.1,42.9,45.2,49.2,45.7,42.8,48.5,59.8,46.4,44.3,39.7,44.4,45.2,39.9,68.5,38.6,41.2,orange,orange,orange,orange,red,orange,orange
45.2,42.5,44.7,44.0,44.6,45.9,44.9,43.4,44.9,49.3,45.7,43.3,48.4,59.7,46.4,44.5,40.5,43.6,45.0,41.0,68.3,39.0,40.6,orange,orange,orange,orange,red,orange,orange
45.6,42.8,44.7,43.6,45.4,46.1,44.8,42.4,45.8,49.6,45.7,42.2,48.9,60.3,46.5,44.1,40.3,43.4,45.4,38.6,69.1,39.4,42.0,orange,orange,orange,orange,red,orange,orange
45.8,42.9,44.9,43.6,45.6,46.4,45.0,42.2,46.0,49.9,45.9,42.0,49.2,60.6,46.7,44.1,40.9,43.7,45.5,37.8,69.6,39.4,42.2,orange,orange,orange,orange,red,orange,orange
45.3,42.5,44.3,43.6,45.0,45.9,44.3,42.7,45.4,49.3,45.4,42.6,48.6,60.1,46.3,44.1,40.0,42.4,45.1,39.7,69.0,39.2,41.5,orange,orange,orange,orange,red,orange,orange
45.1,42.1,44.8,43.8,44.6,45.9,45.1,42.9,44.9,49.4,45.7,42.8,48.5,60.1,46.4,44.3,40.0,44.6,45.0,39.8,69.0,38.2,40.5,orange,orange,orange,orange,red,orange,orange
45.7,43.8,45.1,44.0,45.2,46.6,45.1,42.8,45.5,49.9,45.9,42.7,49.0,60.5,46.6,44.4,40.6,43.7,45.2,39.2,69.4,41.1,41.1,orange,orange,orange,orange,red,orange,orange
46.8,44.3,46.0,45.0,46.3,47.4,46.1,44.1,46.6,50.8,46.9,43.9,50.1,61.7,47.7,45.5,40.4,44.8,46.1,40.9,70.3,41.3,42.2,orange,orange,orange,orange,red,orange,orange
46.4,43.7,45.7,44.8,45.8,47.1,45.8,43.9,46.2,50.7,46.7,43.7,49.9,61.5,47.4,45.3,41.0,44.3,45.8,40.8,70.2,40.2,41.5,orange,orange,orange,orange,red,orange,orange
46.4,43.4,45.8,44.5,46.0,47.0,46.2,43.3,46.4,50.5,46.7,43.1,49.9,61.7,47.4,45.0,39.4,45.9,45.9,39.3,70.5,39.8,42.0,orange,orange,orange,orange,red,orange,orange
47.1,44.5,46.8,45.5,46.5,47.5,47.3,44.4,46.9,50.8,47.4,44.2,50.5,62.2,48.0,45.9,38.0,47.8,46.4,41.0,71.0,41.3,42.4,orange,orange,orange,orange,red,orange,orange
45.8,42.9,44.8,43.7,45.3,46.3,44.9,42.4,45.8,49.9,45.7,42.2,49.3,61.2,46.6,44.2,39.3,43.4,45.1,38.5,70.1,39.5,41.3,orange,orange,orange,orange,red,orange,orange
46.6,43.9,45.8,44.6,46.1,47.3,45.9,43.3,46.5,50.9,46.7,43.1,50.1,62.1,47.5,45.1,40.6,44.6,45.9,39.5,71.0,40.6,41.9,orange,orange,orange,orange,red,orange,orange
46.3,42.9,45.9,45.0,45.6,47.1,46.3,44.1,45.9,50.9,46.9,44.0,49.9,62.0,47.6,45.5,41.3,45.5,45.9,41.1,70.8,38.6,40.8,orange,orange,orange,orange,red,orange,orange
46.3,42.4,46.0,44.9,45.7,47.0,46.5,43.8,46.1,50.9,47.0,43.7,50.0,62.2,47.7,45.4,40.5,46.5,46.0,40.4,71.2,37.6,41.2,orange,orange,orange,orange,red,orange,orange
46.6,43.7,46.2,44.7,46.0,47.3,46.6,43.3,46.4,50.9,47.0,43.0,50.2,62.4,47.6,45.1,39.6,46.7,45.9,39.0,71.5,40.0,41.5,orange,orange,orange,orange,red,orange,orange
46.9,44.1,46.1,45.2,46.3,47.6,46.2,44.2,46.7,51.3,47.1,44.0,50.5,62.6,47.9,45.7,40.9,44.6,46.2,40.9,71.6,40.7,41.8,orange,orange,orange,orange,red,orange,orange
46.2,43.3,45.4,44.5,45.6,46.8,45.5,43.4,46.0,50.5,46.4,43.3,49.8,62.1,47.2,45.0,39.7,44.0,45.5,40.1,71.2,39.8,41.2,orange,orange,orange,orange,red,orange,orange
45.1,41.3,44.6,43.7,44.4,45.7,44.9,42.8,44.8,49.7,45.6,42.7,48.8,61.3,46.4,44.3,39.3,44.0,44.7,39.8,70.6,36.7,39.7,orange,orange,orange,orange,red,orange,orange
46.6,44.0,45.6,44.7,46.0,47.2,45.5,43.7,46.4,50.9,46.6,43.6,50.2,62.6,47.5,45.3,40.2,43.5,45.8,40.4,71.8,40.7,41.6,orange,orange,orange,orange,red,orange,orange
45.5,42.1,44.9,43.9,44.7,46.4,45.2,42.7,45.1,50.4,46.0,42.5,49.3,61.9,46.7,44.4,40.9,44.0,44.8,38.9,71.1,37.8,39.6,orange,orange,orange,orange,red,orange,orange
46.4,43.4,45.6,44.4,45.8,47.0,45.8,43.0,46.2,50.9,46.6,42.8,50.1,62.7,47.4,44.9,39.7,44.9,45.6,38.9,72.1,39.6,41.3,orange,orange,orange,orange,red,orange,orange
46.5,43.1,45.6,44.6,46.0,47.1,45.7,43.3,46.5,51.0,46.6,43.2,50.3,63.0,47.5,45.1,40.0,44.3,45.9,39.5,72.4,39.0,41.7,orange,orange,orange,orange,red,orange,orange
46.7,43.4,45.7,44.4,46.2,47.2,45.9,42.9,46.6,51.2,46.7,42.6,50.5,63.2,47.6,44.9,40.2,44.7,45.9,38.3,72.7,39.4,41.8,orange,orange,orange,orange,red,orange,orange
46.0,43.0,45.0,44.3,45.4,46.7,44.8,43.4,45.8,50.6,46.0,43.3,49.8,62.5,47.0,44.9,40.0,42.3,45.3,40.4,71.9,39.4,40.8,orange,orange,orange,orange,red,orange,orange
46.6,43.4,45.5,44.5,46.2,47.0,45.5,43.3,46.6,51.0,46.5,43.1,50.4,63.2,47.5,45.0,39.3,43.8,45.9,39.4,72.8,39.6,41.9,orange,orange,orange,orange,red,orange,orange
47.8,44.9,46.8,45.4,47.5,48.1,46.9,43.9,48.0,51.7,47.6,43.6,51.6,64.3,48.5,45.9,38.2,46.2,47.0,39.4,74.1,41.6,43.7,orange,orange,orange,orange,red,orange,orange
47.3,43.9,46.4,45.2,46.8,47.7,46.7,43.8,47.3,51.6,47.4,43.6,51.1,64.0,48.2,45.7,39.1,45.9,46.6,39.7,73.8,40.0,42.5,orange,orange,orange,orange,red,orange,orange
47.6,43.9,47.1,45.9,47.0,48.2,47.5,44.7,47.4,52.2,48.1,44.6,51.5,64.5,48.8,46.5,40.5,47.2,47.0,41.0,74.2,39.4,42.2,orange,orange,orange,orange,red,orange,orange
46.7,42.9,46.4,45.5,45.9,47.5,46.8,44.6,46.2,51.6,47.4,44.5,50.6,63.8,48.2,46.1,40.6,46.2,46.2,41.7,73.4,38.1,40.6,orange,orange,orange,orange,red,orange,orange
47.4,44.2,46.8,45.8,46.7,48.1,46.9,44.7,47.1,52.1,47.7,44.6,51.3,64.4,48.6,46.3,40.4,45.8,46.7,41.3,74.1,40.2,41.8,orange,orange,orange,orange,red,orange,orange
46.9,43.6,46.2,45.3,46.3,47.4,46.4,44.4,46.7,51.3,47.1,44.2,50.8,63.9,48.0,45.9,38.7,45.4,46.2,41.2,73.7,39.6,41.5,orange,orange,orange,orange,red,orange,orange
47.3,44.0,46.5,45.5,46.6,48.0,46.7,44.2,47.0,52.1,47.5,44.0,51.2,64.5,48.4,46.0,40.7,45.4,46.5,40.3,74.3,40.0,41.6,orange,orange,orange,orange,red,orange,orange
48.1,45.1,47.7,46.0,47.3,48.9,48.1,44.3,47.7,52.8,48.4,44.0,52.0,65.3,49.1,46.4,40.6,48.3,47.1,39.2,75.2,41.2,42.2,orange,orange,orange,orange,red,orange,orange
47.8,44.5,47.4,46.2,47.1,48.5,47.8,45.0,47.5,52.4,48.3,44.8,51.8,65.1,49.0,46.7,39.7,47.5,47.1,41.3,75.1,40.4,42.1,orange,orange,orange,orange,red,orange,orange
46.8,43.1,46.0,45.0,46.1,47.4,46.2,43.8,46.6,51.6,47.1,43.7,50.8,64.3,48.0,45.6,39.6,45.1,46.1,40.1,74.4,38.6,41.2,orange,orange,orange,orange,red,orange,orange
47.0,43.5,46.1,44.9,46.4,47.8,46.2,43.5,46.8,52.0,47.2,43.2,51.1,64.7,48.1,45.5,40.9,44.7,46.2,39.0,74.8,39.1,41.4,orange,orange,orange,orange,red,orange,orange
47.9,44.6,46.5,45.5,47.3,48.4,46.3,44.0,47.7,52.7,47.5,43.8,52.0,65.5,48.6,46.1,40.3,43.6,46.5,39.4,75.1,40.8,42.3,orange,orange,orange,orange,red,orange,orange
47.7,43.7,46.6,45.8,47.0,48.3,46.6,44.6,47.4,52.8,47.8,44.4,51.9,65.6,48.8,46.4,40.7,44.5,46.6,40.7,75.2,39.0,41.7,orange,orange,orange,orange,red,orange,orange
47.8,44.2,46.5,45.6,47.2,48.3,46.5,44.2,47.7,52.6,47.6,44.0,52.0,65.7,48.7,46.2,39.8,44.3,46.6,39.9,75.4,39.9,42.2,orange,orange,orange,orange,red,orange,orange
48.3,44.8,47.1,46.2,47.7,48.9,47.0,44.8,48.1,53.3,48.2,44.7,52.5,66.2,49.2,46.8,40.7,44.6,47.0,40.6,76.0,40.6,42.5,orange,orange,orange,orange,red,orange,orange
48.5,44.7,47.6,46.8,47.7,49.1,47.6,45.7,48.1,53.5,48.6,45.6,52.7,66.5,49.6,47.4,40.6,45.8,47.4,42.3,76.2,40.1,42.3,orange,orange,orange,orange,red,orange,orange
48.6,45.2,47.8,46.8,47.7,49.4,47.9,45.5,48.1,53.7,48.8,45.3,52.8,66.6,49.7,47.4,41.0,46.5,47.3,41.4,76.4,40.9,42.0,orange,orange,orange,orange,red,orange,orange
48.1,44.7,46.7,45.8,47.4,48.9,46.5,44.3,47.8,53.3,47.9,44.1,52.4,66.3,49.0,46.4,41.6,43.5,46.7,39.7,76.2,40.5,42.0,orange,orange,orange,orange,red,orange,orange
48.8,45.3,47.2,46.5,48.2,49.2,46.9,45.2,48.7,53.6,48.3,45.1,53.0,66.8,49.5,47.1,40.7,43.6,47.4,41.3,76.8,41.3,43.2,orange,orange,orange,orange,red,orange,orange
48.2,44.6,46.8,46.0,47.5,48.6,46.5,44.8,48.0,53.0,47.9,44.7,52.4,66.4,49.0,46.7,39.5,43.8,46.8,41.0,76.4,40.4,42.4,orange,orange,orange,orange,red,orange,orange
48.7,45.3,47.6,46.4,47.9,49.3,47.7,44.7,48.3,53.7,48.6,44.5,52.9,67.0,49.5,46.9,40.2,46.2,47.2,39.8,77.1,41.1,42.3,orange,orange,orange,orange,red,orange,orange
48.3,44.9,47.5,46.1,47.4,49.0,47.8,44.4,47.8,53.4,48.4,44.2,52.6,66.8,49.3,46.7,39.9,46.9,46.8,39.3,76.9,40.5,41.5,orange,orange,orange,orange,red,orange,orange
48.4,44.7,47.5,46.3,47.4,49.3,47.6,44.7,47.8,53.9,48.5,44.5,52.8,67.1,49.5,46.9,41.7,45.9,47.0,39.8,77.1,40.1,41.4,orange,orange,orange,orange,red,orange,orange
47.9,44.0,46.9,45.9,47.1,48.7,46.9,44.5,47.5,53.3,48.0,44.3,52.4,66.7,49.0,46.6,41.0,44.7,46.6,40.1,76.9,39.2,41.2,orange,orange,orange,orange,red,orange,orange
47.6,43.2,46.8,45.7,46.8,48.3,47.1,44.2,47.2,53.0,47.9,44.0,52.1,66.7,48.9,46.3,39.8,46.1,46.4,39.5,76.9,37.7,40.9,orange,orange,orange,orange,red,orange,orange
46.6,42.0,46.0,45.0,45.5,47.4,46.3,43.7,45.9,52.3,47.1,43.5,51.1,65.8,48.0,45.7,39.8,45.4,45.4,39.5,76.1,36.3,39.1,orange,orange,orange,orange,red,orange,orange
48.0,43.9,47.4,46.1,46.9,48.9,47.8,44.4,47.3,53.5,48.4,44.2,52.4,67.1,49.3,46.7,40.6,47.4,46.6,39.4,77.4,38.6,40.5,orange,orange,orange,orange,red,orange,orange
48.7,44.9,47.5,46.6,47.8,49.4,47.4,45.3,48.2,54.0,48.6,45.1,53.1,67.7,49.7,47.3,41.3,44.9,47.2,41.1,78.0,40.2,41.9,orange,orange,orange,orange,red,orange,orange
48.3,44.4,47.4,46.0,47.3,49.0,47.7,44.2,47.8,53.7,48.4,43.9,52.8,67.5,49.4,46.6,40.3,46.7,46.8,38.7,78.0,39.4,41.3,orange,orange,orange,orange,red,orange,orange
47.3,42.5,46.2,45.4,46.4,48.0,46.3,44.0,46.8,53.0,47.5,43.9,51.9,66.8,48.6,46.1,40.8,44.2,46.1,39.7,77.3,36.8,40.2,orange,orange,orange,orange,red,orange,orange
48.1,43.9,46.7,45.6,47.2,48.9,46.7,43.8,47.7,53.8,48.0,43.5,52.7,67.6,49.1,46.2,41.8,44.2,46.6,38.3,78.1,38.8,41.2,orange,orange,orange,orange,red,orange,orange
49.1,45.4,47.4,46.1,48.4,49.5,47.3,44.1,49.0,54.1,48.5,43.8,53.6,68.4,49.7,46.7,39.8,45.0,47.4,38.3,79.0,41.2,43.2,orange,orange,orange,orange,red,orange,orange
48.3,44.7,46.8,45.6,47.4,48.9,46.6,43.7,47.9,53.7,47.9,43.5,52.8,67.7,49.0,46.2,40.4,43.8,46.5,38.3,78.3,40.5,41.6,orange,orange,orange,orange,red,orange,orange
48.7,44.9,47.5,46.1,47.8,49.5,47.6,44.0,48.3,54.3,48.6,43.7,53.3,68.4,49.6,46.6,41.0,46.0,47.0,38.0,79.0,40.1,41.8,orange,orange,orange,orange,red,orange,orange
48.3,44.5,46.8,45.7,47.5,48.7,46.7,44.0,48.0,53.4,47.9,43.8,52.9,67.8,49.0,46.4,38.8,44.3,46.6,39.0,78.6,40.1,41.9,orange,orange,orange,orange,red,orange,orange
48.8,45.4,47.1,46.2,48.1,49.2,46.8,44.6,48.6,53.8,48.2,44.4,53.3,68.2,49.4,46.8,38.8,43.7,47.0,39.9,79.1,41.5,42.6,orange,orange,orange,orange,red,orange,orange
49.2,45.5,48.0,46.9,48.4,49.6,48.0,45.4,48.9,54.1,49.0,45.2,53.7,68.7,50.0,47.5,38.0,46.5,47.6,40.8,79.6,41.2,42.7,orange,orange,orange,orange,red,orange,orange
50.3,47.2,49.0,47.3,49.5,50.9,49.0,45.0,49.9,55.5,49.9,44.7,54.8,69.9,50.9,47.8,40.5,47.5,48.3,38.5,80.8,43.4,43.7,orange,orange,orange,orange,red,orange,orange
49.2,45.3,48.0,46.4,48.4,49.7,48.3,44.2,48.9,54.5,49.0,43.9,53.8,69.2,50.0,46.9,39.2,47.4,47.4,37.9,80.2,40.6,42.5,orange,orange,orange,orange,red,orange,orange
48.3,44.6,46.8,45.7,47.4,49.1,46.7,43.8,47.8,54.0,48.0,43.5,53.0,68.4,49.1,46.3,40.6,43.9,46.5,38.3,79.3,40.1,41.1,orange,orange,orange,orange,red,orange,orange
47.5,43.3,46.5,45.3,46.5,48.1,46.6,43.7,46.9,52.9,47.5,43.5,52.2,67.7,48.6,46.0,38.0,45.2,45.9,38.8,78.8,38.1,40.1,orange,orange,orange,orange,red,orange,orange
48.6,44.4,47.1,46.0,47.5,49.3,46.9,44.2,48.0,54.4,48.2,44.0,53.5,68.9,49.4,46.7,40.3,44.2,46.3,38.7,79.4,39.2,40.6,orange,orange,orange,orange,red,orange,orange
48.5,44.2,47.3,46.4,47.4,49.1,47.3,44.9,47.9,54.1,48.3,44.7,53.4,68.8,49.5,47.0,38.6,45.3,46.4,40.1,79.4,38.9,40.5,orange,orange,orange,orange,red,orange,orange
48.9,44.6,47.4,46.1,48.0,49.5,47.2,44.2,48.6,54.6,48.5,43.9,53.9,69.4,49.7,46.8,39.4,44.8,46.7,38.2,80.1,39.4,41.5,orange,orange,orange,orange,red,orange,orange
49.5,44.8,48.4,46.9,48.5,50.1,48.7,44.9,49.0,55.2,49.4,44.6,54.5,70.1,50.5,47.6,39.8,47.7,47.4,38.7,80.8,39.0,41.5,orange,orange,orange,orange,red,orange,orange
49.7,45.6,48.0,46.8,48.8,50.3,47.8,44.9,49.3,55.3,49.1,44.6,54.6,70.2,50.4,47.5,40.2,44.9,47.4,39.0,81.0,40.7,42.2,orange,orange,orange,orange,red,orange,orange
50.2,46.3,48.4,47.3,49.3,50.8,48.0,45.4,49.9,55.9,49.5,45.1,55.2,70.8,50.8,48.0,41.4,44.4,47.9,39.6,81.5,41.5,42.7,orange,orange,orange,orange,red,orange,orange
49.5,45.2,47.7,46.7,48.7,49.9,47.4,44.8,49.3,55.0,48.9,44.6,54.5,70.2,50.2,47.4,39.2,44.4,47.3,39.2,81.1,40.0,42.4,orange,orange,orange,orange,red,orange,orange
48.6,44.1,47.0,46.1,47.6,49.2,46.8,44.5,48.1,54.4,48.2,44.3,53.7,69.5,49.5,46.9,39.4,43.8,46.4,39.3,80.4,38.6,40.7,orange,orange,orange,orange,red,orange,orange
49.5,45.3,47.7,46.7,48.6,50.1,47.3,44.9,49.1,55.3,48.9,44.7,54.5,70.4,50.2,47.4,40.2,43.9,47.2,39.3,81.3,40.2,41.9,orange,orange,orange,orange,red,orange,orange
49.8,45.3,48.5,47.1,48.7,50.4,48.7,45.1,49.2,55.5,49.5,44.7,54.8,70.8,50.6,47.7,39.4,47.2,47.5,38.8,81.8,39.8,41.7,orange,orange,orange,orange,red,orange,orange
49.5,45.4,47.7,46.4,48.7,49.8,47.5,44.3,49.3,54.8,48.7,44.0,54.5,70.4,50.0,47.1,37.4,45.0,47.1,38.1,81.6,40.5,42.4,orange,orange,orange,orange,red,orange,orange
49.4,45.2,47.8,46.5,48.5,49.8,47.7,44.4,49.1,54.9,48.8,44.1,54.5,70.5,50.0,47.1,37.7,45.6,47.0,38.1,81.7,40.1,41.9,orange,orange,orange,orange,red,orange,orange
50.0,45.5,48.7,47.4,48.9,50.5,48.8,45.6,49.4,55.7,49.7,45.3,55.1,71.2,50.9,48.1,39.0,47.1,47.7,39.9,82.3,39.9,41.9,orange,orange,orange,orange,red,orange,orange
50.0,45.0,48.6,47.3,49.0,50.6,48.7,45.4,49.6,56.0,49.8,45.1,55.2,71.5,51.0,48.1,40.2,46.8,47.9,39.3,82.7,38.9,42.0,orange,orange,orange,orange,red,orange,orange
49.8,45.3,47.9,46.5,48.9,50.4,47.6,44.1,49.5,55.8,49.1,43.8,55.0,71.3,50.4,47.2,40.5,44.6,47.3,37.1,82.6,40.0,42.1,orange,orange,orange,orange,red,orange,orange
50.1,45.5,48.3,47.2,49.1,50.6,48.1,45.3,49.7,55.9,49.5,45.1,55.3,71.6,50.8,48.0,40.1,45.0,47.7,39.5,82.8,40.1,42.2,orange,orange,orange,orange,red,orange,orange
49.7,45.3,47.9,46.6,48.7,50.3,47.7,44.4,49.3,55.7,49.1,44.1,54.9,71.4,50.4,47.3,40.1,44.8,47.2,37.7,82.7,40.0,41.7,orange,orange,orange,orange,red,orange,orange
49.8,45.5,47.6,46.5,48.9,50.4,47.0,44.3,49.5,55.9,48.9,44.0,55.1,71.5,50.3,47.2,41.0,42.8,47.2,37.7,82.8,40.5,42.1,orange,orange,orange,orange,red,orange,orange
49.6,45.5,47.8,46.4,48.6,50.0,47.5,44.1,49.1,55.3,48.8,43.8,54.7,71.2,50.1,47.0,38.3,44.9,46.8,37.4,82.6,40.7,41.6,orange,orange,orange,orange,red,orange,orange
50.6,46.3,48.8,47.5,49.6,51.4,48.4,45.3,50.1,56.9,50.0,45.0,55.9,72.5,51.3,48.2,42.0,45.0,48.0,38.7,83.8,41.0,42.3,orange,orange,orange,orange,red,orange,orange
49.1,44.5,47.4,46.4,48.0,49.8,47.2,44.5,48.5,55.2,48.6,44.3,54.4,71.1,50.0,47.2,39.4,44.2,46.6,38.7,82.6,38.9,40.6,orange,orange,orange,orange,red,orange,orange
49.4,44.5,48.1,46.9,48.2,50.1,48.1,44.9,48.8,55.6,49.2,44.6,54.8,71.6,50.4,47.6,39.6,46.1,47.1,38.9,83.1,38.3,40.6,orange,orange,orange,orange,red,orange,orange
49.6,45.0,48.0,46.7,48.3,50.4,47.9,44.6,48.8,56.0,49.2,44.3,54.9,71.8,50.5,47.5,40.9,45.1,47.0,38.1,83.3,39.2,40.6,orange,orange,orange,orange,red,orange,orange
50.3,45.5,48.7,47.4,49.2,51.1,48.7,45.1,49.7,56.6,49.9,44.8,55.7,72.6,51.2,48.1,41.0,46.3,47.8,38.4,84.2,39.6,41.6,orange,orange,orange,orange,red,orange,orange
49.7,45.3,47.6,46.7,48.7,50.1,47.1,45.0,49.3,55.5,48.8,44.7,55.0,71.8,50.3,47.5,38.6,43.2,47.1,39.4,83.5,40.2,41.7,orange,orange,orange,orange,red,orange,orange
50.4,45.7,48.5,47.1,49.3,51.0,48.2,44.8,49.8,56.7,49.7,44.4,55.8,72.8,51.1,47.8,41.0,45.1,47.7,37.8,84.5,40.0,41.9,orange,orange,orange,orange,red,orange,orange
50.3,45.9,48.7,47.2,49.2,50.9,48.6,44.8,49.8,56.4,49.7,44.4,55.7,72.7,51.0,47.8,39.2,46.5,47.6,37.6,84.5,40.5,41.8,orange,orange,orange,orange,red,orange,orange
50.0,45.5,48.1,46.8,48.8,50.6,47.8,44.6,49.4,56.1,49.2,44.3,55.3,72.4,50.6,47.5,39.5,44.7,47.2,37.9,84.2,40.2,41.4,orange,orange,orange,orange,red,orange,orange
49.8,44.9,48.4,47.0,48.5,50.6,48.3,44.8,49.0,56.2,49.5,44.5,55.2,72.5,50.7,47.7,40.2,46.1,47.2,38.2,84.3,38.8,40.5,orange,orange,orange,orange,red,orange,orange
49.4,45.0,48.2,46.9,47.9,50.3,48.2,44.9,48.3,55.9,49.2,44.6,54.8,72.1,50.4,47.6,39.6,46.1,46.7,38.8,83.8,39.3,39.4,orange,orange,orange,orange,red,orange,orange
50.6,45.5,48.9,47.4,49.2,51.4,48.8,44.9,49.7,57.3,50.0,44.5,56.2,73.5,51.4,48.2,41.6,46.1,47.3,37.0,84.9,39.0,40.6,orange,orange,orange,orange,red,orange,orange
51.6,46.8,49.4,48.0,50.5,52.3,49.0,45.4,51.1,58.1,50.6,45.0,57.2,74.5,52.1,48.8,41.9,45.5,48.3,37.2,86.0,40.9,42.5,orange,orange,orange,orange,red,orange,orange
